{
  "test_acc": 94.13942011104257,
  "test_per_class": {
    "area": 90.47619047619048,
    "bar": 95.30434782608695,
    "box": 89.77272727272727,
    "heatmap": 94.8529411764706,
    "histogram": 91.17647058823529,
    "line": 94.19953596287704,
    "pie": 98.80952380952381,
    "scatter": 93.32273449920508
  },
  "best_val_acc": 94.80358799876277,
  "epochs": 50,
  "training_time": "0:50:22.660013",
  "class_mapping": {
    "area": 0,
    "bar": 1,
    "box": 2,
    "heatmap": 3,
    "histogram": 4,
    "line": 5,
    "pie": 6,
    "scatter": 7
  }
}